,Object_Counts,Time
0,motorcycle    1,06:26:50.314601
1,motorcycle    1,06:26:50.314601
2,"motorcycle    1 , car           1",06:26:50.314601
3,person    1,06:26:50.314601
4,person    1,06:26:50.314601
5,"person        1 , motorcycle    1",06:26:50.314601
6,person    1,06:26:50.314601
